{
    "mean_absolute_error": 8.821394071701418,
    "mean_squared_error": 131.98071375165017,
    "root_mean_squared_error": 11.48828593618953,
    "r_squared": 0.9148600397311654
}