{
    "mean_absolute_error": 8.906230622861592,
    "mean_squared_error": 125.10556338413139,
    "root_mean_squared_error": 11.185059829260252,
    "r_squared": 0.9192951576547908
}