{
    "mean_absolute_error": 10.398720016152982,
    "mean_squared_error": 163.31231500586514,
    "root_mean_squared_error": 12.779370681135482,
    "r_squared": 0.8946482132444376
}