{
    "mean_absolute_error": 8.480287285776178,
    "mean_squared_error": 113.7346311387011,
    "root_mean_squared_error": 10.664643976181347,
    "r_squared": 0.9266304772789691
}