{
    "mean_absolute_error": 9.919685844824077,
    "mean_squared_error": 145.04896723193582,
    "root_mean_squared_error": 12.04362766079788,
    "r_squared": 0.9064297884431761
}