{
    "mean_absolute_error": 70.72503346766909,
    "mean_squared_error": 6247.436498960148,
    "root_mean_squared_error": 79.04072683724605,
    "r_squared": -3.4898211193669217
}